{"train/det_cls.d2_loss": 0.777906060218811, "_timestamp": 1676689951.7575285, "train/attnmap_loss": 1.5270094871520996, "_runtime": 88.0660650730133, "_step": 17, "momentum": 0.9, "train/grad_norm": 25.92500114440918, "train/wp.d0_loss": 1.1778311729431152, "train/det_reg.d5_loss": 3.1443347930908203, "train/wp.d4_loss": 1.1110506057739258, "train/loss": 32.031654357910156, "train/det_cls.d4_loss": 0.7589101791381836, "train/det_reg.d3_loss": 3.1962075233459473, "train/wp.d5_loss": 1.0926309823989868, "train/det_cls.d3_loss": 0.6999210119247437, "train/wp.d1_loss": 1.0982580184936523, "train/det_cls.d5_loss": 0.7292165756225586, "learning_rate": 7.093333333333331e-05, "train/det_reg.d2_loss": 3.133873224258423, "train/det_reg.d0_loss": 3.1903679370880127, "train/det_reg.d1_loss": 3.0685505867004395, "train/wp.d2_loss": 1.1021804809570312, "train/wp": 1.0926309823989868, "train/det_reg.d4_loss": 3.1692957878112793, "train/det_cls.d1_loss": 0.9105480909347534, "train/det_cls.d0_loss": 0.9826673269271851, "train/wp.d3_loss": 1.1608967781066895}
