{"train/det_reg.d2_loss": 2.646965980529785, "train/det_cls.d0_loss": 0.5638441443443298, "train/wp.d2_loss": 0.9303654432296753, "train/det_cls.d1_loss": 0.5927361249923706, "_timestamp": 1676688723.7597878, "train/det_cls.d4_loss": 0.6016234159469604, "train/det_cls.d5_loss": 0.6062965393066406, "train/wp.d3_loss": 0.9310430288314819, "train/wp.d0_loss": 0.9690693616867065, "train/det_reg.d3_loss": 2.5568671226501465, "train/loss": 26.605510711669922, "_step": 33, "train/wp.d4_loss": 0.9209299087524414, "_runtime": 142.7820382118225, "train/det_reg.d5_loss": 2.9036428928375244, "train/wp.d1_loss": 0.9585739374160767, "learning_rate": 7.52e-05, "train/det_reg.d4_loss": 2.626833438873291, "momentum": 0.9, "train/det_reg.d1_loss": 2.7269179821014404, "train/wp.d5_loss": 0.9248663187026978, "train/det_cls.d3_loss": 0.5953731536865234, "train/grad_norm": 16.628690719604492, "train/det_cls.d2_loss": 0.6029918193817139, "train/det_reg.d0_loss": 2.822460174560547, "train/attnmap_loss": 1.1241101026535034, "train/wp": 0.9248663187026978}
