{"train/wp.d2_loss": 1.030822515487671, "train/attnmap_loss": 1.8871355056762695, "train/det_reg.d4_loss": 2.3054771423339844, "train/det_reg.d5_loss": 2.309506893157959, "train/wp.d4_loss": 1.018523931503296, "train/det_cls.d3_loss": 0.5867772102355957, "train/det_cls.d5_loss": 0.5875834822654724, "train/det_reg.d3_loss": 2.338416337966919, "train/wp": 1.007662057876587, "_runtime": 382.26664876937866, "learning_rate": 8.426666666666665e-05, "_timestamp": 1676689063.669984, "train/wp.d1_loss": 1.0339641571044922, "train/wp.d3_loss": 1.0366429090499878, "train/wp.d5_loss": 1.007662057876587, "train/det_cls.d1_loss": 0.5679552555084229, "train/det_cls.d2_loss": 0.5707057118415833, "_step": 67, "train/loss": 25.51471710205078, "train/grad_norm": 23.907726287841797, "train/det_reg.d0_loss": 2.341582775115967, "train/det_reg.d1_loss": 2.321328401565552, "train/det_reg.d2_loss": 2.360344171524048, "momentum": 0.9, "train/wp.d0_loss": 1.0391860008239746, "train/det_cls.d0_loss": 0.5914802551269531, "train/det_cls.d4_loss": 0.5796231031417847}
