{"train/grad_norm": 21.01442527770996, "train/det_cls.d0_loss": 0.5228428840637207, "train/wp": 0.8524781465530396, "train/wp.d5_loss": 0.8524781465530396, "train/det_cls.d4_loss": 0.5962108373641968, "train/wp.d4_loss": 0.8523520827293396, "train/det_reg.d3_loss": 2.525092840194702, "train/det_cls.d1_loss": 0.5584028959274292, "train/det_reg.d2_loss": 2.4777026176452637, "train/det_cls.d2_loss": 0.5711734890937805, "train/det_reg.d1_loss": 2.5352163314819336, "train/attnmap_loss": 1.7706618309020996, "train/det_reg.d0_loss": 2.68277907371521, "train/loss": 25.924407958984375, "learning_rate": 7.866666666666665e-05, "_runtime": 175.17837834358215, "train/wp.d1_loss": 0.8515099287033081, "momentum": 0.9, "train/det_reg.d4_loss": 2.6165215969085693, "_step": 46, "_timestamp": 1676689837.9854834, "train/det_cls.d5_loss": 0.6037998199462891, "train/wp.d0_loss": 0.8689177632331848, "train/wp.d3_loss": 0.858518123626709, "train/det_reg.d5_loss": 2.7152183055877686, "train/wp.d2_loss": 0.8670806288719177, "train/det_cls.d3_loss": 0.5979282259941101}
